https://www.etsy.com/in-en/c/accessories/keychains-and-lanyards/zipper-charms,accessories,keychains-and-lanyards,zipper-charms,
https://www.etsy.com/in-en/c/accessories/keychains-and-lanyards/keychains,accessories,keychains-and-lanyards,keychains,
https://www.etsy.com/in-en/c/accessories/keychains-and-lanyards/lanyards,accessories,keychains-and-lanyards,lanyards,
https://www.etsy.com/in-en/c/art-and-collectibles/fiber-arts/batik,art-and-collectibles,fiber-arts,batik,
https://www.etsy.com/in-en/c/art-and-collectibles/dolls-and-miniatures/miniatures,art-and-collectibles,dolls-and-miniatures,miniatures,
https://www.etsy.com/in-en/c/art-and-collectibles/dolls-and-miniatures/dollhouses,art-and-collectibles,dolls-and-miniatures,dollhouses,
https://www.etsy.com/in-en/c/art-and-collectibles/dolls-and-miniatures/art-dolls-and-figurines,art-and-collectibles,dolls-and-miniatures,art-dolls-and-figurines,
https://www.etsy.com/in-en/c/art-and-collectibles/dolls-and-miniatures/dioramas,art-and-collectibles,dolls-and-miniatures,dioramas,
https://www.etsy.com/in-en/c/art-and-collectibles/dolls-and-miniatures/figurines,art-and-collectibles,dolls-and-miniatures,figurines,
https://www.etsy.com/in-en/c/art-and-collectibles/glass-art/glass-sculptures-and-figurines,art-and-collectibles,glass-art,glass-sculptures-and-figurines,
https://www.etsy.com/in-en/c/art-and-collectibles/glass-art/mosaics,art-and-collectibles,glass-art,mosaics,
https://www.etsy.com/in-en/c/art-and-collectibles/collectibles/coins,art-and-collectibles,collectibles,coins,
https://www.etsy.com/in-en/c/art-and-collectibles/collectibles/figurines,art-and-collectibles,collectibles,figurines,
https://www.etsy.com/in-en/c/art-and-collectibles/collectibles/memorabilia,art-and-collectibles,collectibles,memorabilia,
https://www.etsy.com/in-en/c/art-and-collectibles/collectibles/collectible-glass,art-and-collectibles,collectibles,collectible-glass,
https://www.etsy.com/in-en/c/art-and-collectibles/collectibles/music-boxes,art-and-collectibles,collectibles,music-boxes,
https://www.etsy.com/in-en/c/art-and-collectibles/collectibles/tobacciana,art-and-collectibles,collectibles,tobacciana,
https://www.etsy.com/in-en/c/art-and-collectibles/collectibles/postage-stamps,art-and-collectibles,collectibles,postage-stamps,
https://www.etsy.com/in-en/c/art-and-collectibles/collectibles/displays,art-and-collectibles,collectibles,displays,
https://www.etsy.com/in-en/c/art-and-collectibles/collectibles/advertisements,art-and-collectibles,collectibles,advertisements,
https://www.etsy.com/in-en/c/art-and-collectibles/collectibles/paperweights,art-and-collectibles,collectibles,paperweights,
https://www.etsy.com/in-en/c/art-and-collectibles/collectibles/collectible-plates,art-and-collectibles,collectibles,collectible-plates,
https://www.etsy.com/in-en/c/art-and-collectibles/photography/color,art-and-collectibles,photography,color,
https://www.etsy.com/in-en/c/art-and-collectibles/photography/black-and-white,art-and-collectibles,photography,black-and-white,
https://www.etsy.com/in-en/c/art-and-collectibles/photography/sepia,art-and-collectibles,photography,sepia,
https://www.etsy.com/in-en/c/art-and-collectibles/mixed-media-and-collage/paint-and-canvas,art-and-collectibles,mixed-media-and-collage,paint-and-canvas,
https://www.etsy.com/in-en/c/art-and-collectibles/mixed-media-and-collage/mosaic,art-and-collectibles,mixed-media-and-collage,mosaic,
https://www.etsy.com/in-en/c/art-and-collectibles/mixed-media-and-collage/paper,art-and-collectibles,mixed-media-and-collage,paper,
https://www.etsy.com/in-en/c/art-and-collectibles/mixed-media-and-collage/other-assemblage,art-and-collectibles,mixed-media-and-collage,other-assemblage,
https://www.etsy.com/in-en/c/art-and-collectibles/fiber-arts/cross-stitch,art-and-collectibles,fiber-arts,cross-stitch,
https://www.etsy.com/in-en/c/art-and-collectibles/fiber-arts/crochet,art-and-collectibles,fiber-arts,crochet,
https://www.etsy.com/in-en/c/art-and-collectibles/fiber-arts/quilting,art-and-collectibles,fiber-arts,quilting,
https://www.etsy.com/in-en/c/art-and-collectibles/fiber-arts/embroidery,art-and-collectibles,fiber-arts,embroidery,
https://www.etsy.com/in-en/c/art-and-collectibles/fiber-arts/felting,art-and-collectibles,fiber-arts,felting,
https://www.etsy.com/in-en/c/art-and-collectibles/fiber-arts/knitting,art-and-collectibles,fiber-arts,knitting,
https://www.etsy.com/in-en/c/art-and-collectibles/fiber-arts/rugmaking,art-and-collectibles,fiber-arts,rugmaking,
https://www.etsy.com/in-en/c/art-and-collectibles/fiber-arts/sewing,art-and-collectibles,fiber-arts,sewing,
https://www.etsy.com/in-en/c/art-and-collectibles/fiber-arts/needlepoint,art-and-collectibles,fiber-arts,needlepoint,
https://www.etsy.com/in-en/c/art-and-collectibles/fiber-arts/sashiko,art-and-collectibles,fiber-arts,sashiko,
https://www.etsy.com/in-en/c/art-and-collectibles/fiber-arts/weaving,art-and-collectibles,fiber-arts,weaving,
https://www.etsy.com/c/baby/nursery-decor/baby-mobiles,baby,nursery-decor,baby-mobiles,
https://www.etsy.com/c/baby/nursery-decor/nursery-wall-decals,baby,nursery-decor,nursery-wall-decals,
https://www.etsy.com/c/baby/nursery-decor/nursery-bookends,baby,nursery-decor,nursery-bookends,
https://www.etsy.com/c/baby/nursery-decor/diaper-caddies,baby,nursery-decor,diaper-caddies,
https://www.etsy.com/c/baby/nursery-decor/diaper-stackers,baby,nursery-decor,diaper-stackers,
https://www.etsy.com/c/baby/nursery-decor/baby-piggy-banks,baby,nursery-decor,baby-piggy-banks,
https://www.etsy.com/c/baby/baby-toys/stuffed-animals-and-plushies,baby,baby-toys,stuffed-animals-and-plushies,
https://www.etsy.com/c/baby/baby-toys/blocks,baby,baby-toys,blocks,
https://www.etsy.com/c/baby/baby-toys/baby-rattles,baby,baby-toys,baby-rattles,
https://www.etsy.com/c/baby/baby-clothes/baby-outfits,baby,baby-clothes,baby-outfits,
https://www.etsy.com/c/baby/baby-clothes/baby-sweaters,baby,baby-clothes,baby-sweaters,
https://www.etsy.com/c/baby/baby-clothes/baby-hoodies-and-sweatshirts,baby,baby-clothes,baby-hoodies-and-sweatshirts,
https://www.etsy.com/c/baby/baby-clothes/baby-dresses,baby,baby-clothes,baby-dresses,
https://www.etsy.com/c/baby/baby-clothes/baby-shirts,baby,baby-clothes,baby-shirts,
https://www.etsy.com/c/baby/baby-clothes/baby-bodysuits,baby,baby-clothes,baby-bodysuits,
https://www.etsy.com/c/baby/baby-clothes/baby-pants,baby,baby-clothes,baby-pants,
https://www.etsy.com/c/baby/baby-clothes/baby-pajamas,baby,baby-clothes,baby-pajamas,
https://www.etsy.com/in-en/c/bags-and-purses/handbags/shoulder-bags,bags-and-purses,handbags,shoulder-bags,
https://www.etsy.com/in-en/c/bags-and-purses/handbags/crossbody-bags,bags-and-purses,handbags,crossbody-bags,
https://www.etsy.com/in-en/c/bags-and-purses/handbags/clutches-and-evening-bags,bags-and-purses,handbags,clutches-and-evening-bags,
https://www.etsy.com/in-en/c/bags-and-purses/handbags/top-handle-bags,bags-and-purses,handbags,top-handle-bags,
https://www.etsy.com/in-en/c/bags-and-purses/handbags/hobo-bags,bags-and-purses,handbags,hobo-bags,
https://www.etsy.com/in-en/c/bags-and-purses/handbags/purse-straps,bags-and-purses,handbags,purse-straps,
https://www.etsy.com/de-en/c/bath-and-beauty/soaps/body-washes-and-liquid-soaps,bath-and-beauty,soaps,body-washes-and-liquid-soaps,
https://www.etsy.com/de-en/c/bath-and-beauty/soaps/bath-bombs,bath-and-beauty,soaps,bath-bombs,
https://www.etsy.com/de-en/c/bath-and-beauty/soaps/bath-oils,bath-and-beauty,soaps,bath-oils,
https://www.etsy.com/de-en/c/bath-and-beauty/soaps/bath-salts-and-scrubs,bath-and-beauty,soaps,bath-salts-and-scrubs,
https://www.etsy.com/de-en/c/bath-and-beauty/soaps/bubble-bath,bath-and-beauty,soaps,bubble-bath,
https://www.etsy.com/de-en/c/bath-and-beauty/soaps/sachets-and-soaks,bath-and-beauty,soaps,sachets-and-soaks,
https://www.etsy.com/de-en/c/bath-and-beauty/hair-care/wigs,bath-and-beauty,hair-care,wigs,
https://www.etsy.com/de-en/c/bath-and-beauty/hair-care/hair-extensions,bath-and-beauty,hair-care,hair-extensions,
https://www.etsy.com/de-en/c/bath-and-beauty/hair-care/conditioners-and-treatments,bath-and-beauty,hair-care,conditioners-and-treatments,
https://www.etsy.com/de-en/c/bath-and-beauty/hair-care/shampoos,bath-and-beauty,hair-care,shampoos,
https://www.etsy.com/de-en/c/bath-and-beauty/hair-care/hair-styling,bath-and-beauty,hair-care,hair-styling,
https://www.etsy.com/de-en/c/bath-and-beauty/hair-care/hair-accessories,bath-and-beauty,hair-care,hair-accessories,
https://www.etsy.com/de-en/c/bath-and-beauty/hair-care/hair-dye-and-color,bath-and-beauty,hair-care,hair-dye-and-color,
https://www.etsy.com/de-en/c/bath-and-beauty/hair-care/shower-caps,bath-and-beauty,hair-care,shower-caps,
https://www.etsy.com/de-en/c/bath-and-beauty/baby-and-child-care/baby-gift-sets,bath-and-beauty,baby-and-child-care,baby-gift-sets,
https://www.etsy.com/de-en/c/bath-and-beauty/baby-and-child-care/pacifiers-and-clips,bath-and-beauty,baby-and-child-care,pacifiers-and-clips,
https://www.etsy.com/de-en/c/bath-and-beauty/baby-and-child-care/bibs-and-burping,bath-and-beauty,baby-and-child-care,bibs-and-burping,
https://www.etsy.com/de-en/c/bath-and-beauty/baby-and-child-care/changing-pads,bath-and-beauty,baby-and-child-care,changing-pads,
https://www.etsy.com/de-en/c/bath-and-beauty/baby-and-child-care/feeding,bath-and-beauty,baby-and-child-care,feeding,
https://www.etsy.com/de-en/c/bath-and-beauty/baby-and-child-care/nursing,bath-and-beauty,baby-and-child-care,nursing,
https://www.etsy.com/de-en/c/bath-and-beauty/baby-and-child-care/diapers,bath-and-beauty,baby-and-child-care,diapers,
https://www.etsy.com/de-en/c/bath-and-beauty/baby-and-child-care/teething,bath-and-beauty,baby-and-child-care,teething,
https://www.etsy.com/de-en/c/bath-and-beauty/baby-and-child-care/wet-bags,bath-and-beauty,baby-and-child-care,wet-bags,
https://www.etsy.com/de-en/c/bath-and-beauty/baby-and-child-care/cloth-wipes,bath-and-beauty,baby-and-child-care,cloth-wipes,
https://www.etsy.com/in-en/c/bath-and-beauty/personal-care/canes-and-walking,bath-and-beauty,personal-care,canes-and-walking,
https://www.etsy.com/in-en/c/bath-and-beauty/personal-care/tinctures,bath-and-beauty,personal-care,tinctures,
https://www.etsy.com/in-en/c/bath-and-beauty/personal-care/menstrual-care,bath-and-beauty,personal-care,menstrual-care,
https://www.etsy.com/in-en/c/bath-and-beauty/personal-care/supplements,bath-and-beauty,personal-care,supplements,
https://www.etsy.com/in-en/c/bath-and-beauty/personal-care/deodorant,bath-and-beauty,personal-care,deodorant,
https://www.etsy.com/in-en/c/bath-and-beauty/personal-care/face-masks-and-coverings,bath-and-beauty,personal-care,face-masks-and-coverings,
https://www.etsy.com/in-en/c/bath-and-beauty/personal-care/oral-care,bath-and-beauty,personal-care,oral-care,
https://www.etsy.com/in-en/c/bath-and-beauty/personal-care/shaving-and-grooming,bath-and-beauty,personal-care,shaving-and-grooming,
https://www.etsy.com/in-en/c/bath-and-beauty/personal-care/bug-repellent,bath-and-beauty,personal-care,bug-repellent,
https://www.etsy.com/in-en/c/bath-and-beauty/personal-care/face-mask-accessories,bath-and-beauty,personal-care,face-mask-accessories,
https://www.etsy.com/in-en/c/bath-and-beauty/cosmetic-and-toiletry-storage/toiletry-storage-kits-and-travel-cases,bath-and-beauty,cosmetic-and-toiletry-storage,toiletry-storage-kits-and-travel-cases,
https://www.etsy.com/in-en/c/bath-and-beauty/cosmetic-and-toiletry-storage/lipstick-and-compact-cases,bath-and-beauty,cosmetic-and-toiletry-storage,lipstick-and-compact-cases,
https://www.etsy.com/in-en/c/bath-and-beauty/cosmetic-and-toiletry-storage/cosmetic-bags,bath-and-beauty,cosmetic-and-toiletry-storage,cosmetic-bags,
https://www.etsy.com/in-en/c/bath-and-beauty/cosmetic-and-toiletry-storage/refillable-containers,bath-and-beauty,cosmetic-and-toiletry-storage,refillable-containers,
https://www.etsy.com/in-en/c/bath-and-beauty/cosmetic-and-toiletry-storage/brush-rolls-and-holders,bath-and-beauty,cosmetic-and-toiletry-storage,brush-rolls-and-holders,
https://www.etsy.com/in-en/c/bath-and-beauty/cosmetic-and-toiletry-storage/makeup-organizers,bath-and-beauty,cosmetic-and-toiletry-storage,makeup-organizers,
https://www.etsy.com/in-en/c/bath-and-beauty/bath-accessories/sponges-and-body-brushes,bath-and-beauty,bath-accessories,sponges-and-body-brushes,
https://www.etsy.com/in-en/c/bath-and-beauty/bath-accessories/washcloths,bath-and-beauty,bath-accessories,washcloths,
https://www.etsy.com/de-en/c/books-movies-and-music/books/book-accessories,books-movies-and-music,books,book-accessories,
https://www.etsy.com/de-en/c/books-movies-and-music/books/childrens-books,books-movies-and-music,books,childrens-books,
https://www.etsy.com/de-en/c/books-movies-and-music/books/religion-and-spirituality-books,books-movies-and-music,books,religion-and-spirituality-books,
https://www.etsy.com/de-en/c/books-movies-and-music/books/blank-books,books-movies-and-music,books,blank-books,
https://www.etsy.com/de-en/c/books-movies-and-music/books/book-sets-and-collections,books-movies-and-music,books,book-sets-and-collections,
https://www.etsy.com/de-en/c/books-movies-and-music/books/coloring-books,books-movies-and-music,books,coloring-books,
https://www.etsy.com/de-en/c/books-movies-and-music/books/guides-and-how-tos,books-movies-and-music,books,guides-and-how-tos,
https://www.etsy.com/de-en/c/books-movies-and-music/books/literature-and-fiction,books-movies-and-music,books,literature-and-fiction,
https://www.etsy.com/de-en/c/books-movies-and-music/books/calendars-and-planners,books-movies-and-music,books,calendars-and-planners,
https://www.etsy.com/de-en/c/books-movies-and-music/books/cookbooks,books-movies-and-music,books,cookbooks,
https://www.etsy.com/c/clothing/gender-neutral-kids-clothing/clothing-sets,clothing,gender-neutral-kids-clothing,clothing-sets,
https://www.etsy.com/c/clothing/gender-neutral-kids-clothing/footies-and-rompers,clothing,gender-neutral-kids-clothing,footies-and-rompers,
https://www.etsy.com/c/clothing/gender-neutral-kids-clothing/pajamas-and-robes,clothing,gender-neutral-kids-clothing,pajamas-and-robes,
https://www.etsy.com/c/clothing/gender-neutral-kids-clothing/costumes,clothing,gender-neutral-kids-clothing,costumes,
https://www.etsy.com/c/clothing/gender-neutral-kids-clothing/jackets-and-coats,clothing,gender-neutral-kids-clothing,jackets-and-coats,
https://www.etsy.com/c/clothing/gender-neutral-kids-clothing/ponchos,clothing,gender-neutral-kids-clothing,ponchos,
https://www.etsy.com/c/clothing/gender-neutral-kids-clothing/leggings,clothing,gender-neutral-kids-clothing,leggings,
https://www.etsy.com/c/clothing/gender-neutral-kids-clothing/socks-and-leg-warmers,clothing,gender-neutral-kids-clothing,socks-and-leg-warmers,
https://www.etsy.com/c/clothing/gender-neutral-kids-clothing/sports-and-fitness,clothing,gender-neutral-kids-clothing,sports-and-fitness,
https://www.etsy.com/c/clothing/gender-neutral-kids-clothing/swimwear,clothing,gender-neutral-kids-clothing,swimwear,
https://www.etsy.com/c/clothing/gender-neutral-kids-clothing/overalls,clothing,gender-neutral-kids-clothing,overalls,
https://www.etsy.com/c/clothing/gender-neutral-kids-clothing/pants,clothing,gender-neutral-kids-clothing,pants,
https://www.etsy.com/c/clothing/gender-neutral-kids-clothing/underwear,clothing,gender-neutral-kids-clothing,underwear,
https://www.etsy.com/c/clothing/gender-neutral-kids-clothing/vests,clothing,gender-neutral-kids-clothing,vests,
https://www.etsy.com/c/clothing/gender-neutral-kids-clothing/sweaters,clothing,gender-neutral-kids-clothing,sweaters,
https://www.etsy.com/c/clothing/gender-neutral-kids-clothing/shorts,clothing,gender-neutral-kids-clothing,shorts,
https://www.etsy.com/c/clothing/gender-neutral-kids-clothing/jeans,clothing,gender-neutral-kids-clothing,jeans,
https://www.etsy.com/in-en/c/clothing/womens-clothing/dresses,clothing,womens-clothing,dresses,
https://www.etsy.com/in-en/c/clothing/womens-clothing/tops-and-tees,clothing,womens-clothing,tops-and-tees,
https://www.etsy.com/in-en/c/clothing/womens-clothing/jackets-and-coats,clothing,womens-clothing,jackets-and-coats,
https://www.etsy.com/in-en/c/clothing/womens-clothing/hoodies-and-sweatshirts,clothing,womens-clothing,hoodies-and-sweatshirts,
https://www.etsy.com/in-en/c/clothing/womens-clothing/skirts,clothing,womens-clothing,skirts,
https://www.etsy.com/in-en/c/clothing/womens-clothing/pants-and-capris,clothing,womens-clothing,pants-and-capris,
https://www.etsy.com/in-en/c/clothing/womens-clothing/sweaters,clothing,womens-clothing,sweaters,
https://www.etsy.com/in-en/c/clothing/womens-clothing/pajamas-and-robes,clothing,womens-clothing,pajamas-and-robes,
https://www.etsy.com/in-en/c/clothing/womens-clothing/lingerie,clothing,womens-clothing,lingerie,
https://www.etsy.com/in-en/c/clothing/womens-clothing/swimwear,clothing,womens-clothing,swimwear,
https://www.etsy.com/in-en/c/clothing/womens-clothing/blazers-and-suits,clothing,womens-clothing,blazers-and-suits,
https://www.etsy.com/in-en/c/clothing/womens-clothing/costumes,clothing,womens-clothing,costumes,
https://www.etsy.com/in-en/c/clothing/womens-clothing/jumpsuits-and-rompers,clothing,womens-clothing,jumpsuits-and-rompers,
https://www.etsy.com/in-en/c/clothing/womens-clothing/bodysuits-and-catsuits,clothing,womens-clothing,bodysuits-and-catsuits,
https://www.etsy.com/in-en/c/clothing/womens-clothing/ponchos,clothing,womens-clothing,ponchos,
https://www.etsy.com/in-en/c/clothing/womens-clothing/leggings,clothing,womens-clothing,leggings,
https://www.etsy.com/in-en/c/clothing/womens-clothing/shorts-and-skorts,clothing,womens-clothing,shorts-and-skorts,
https://www.etsy.com/in-en/c/clothing/womens-clothing/sports-and-fitness,clothing,womens-clothing,sports-and-fitness,
https://www.etsy.com/in-en/c/clothing/womens-clothing/jeans,clothing,womens-clothing,jeans,
https://www.etsy.com/in-en/c/clothing/womens-clothing/socks-and-hosiery,clothing,womens-clothing,socks-and-hosiery,
https://www.etsy.com/in-en/c/clothing/womens-clothing/overalls,clothing,womens-clothing,overalls,
https://www.etsy.com/in-en/c/clothing/womens-clothing/vests,clothing,womens-clothing,vests,
https://www.etsy.com/in-en/c/clothing/mens-clothing/shirts-and-tees,clothing,mens-clothing,shirts-and-tees,
https://www.etsy.com/in-en/c/clothing/mens-clothing/jackets-and-coats,clothing,mens-clothing,jackets-and-coats,
https://www.etsy.com/in-en/c/clothing/mens-clothing/hoodies-and-sweatshirts,clothing,mens-clothing,hoodies-and-sweatshirts,
https://www.etsy.com/in-en/c/clothing/mens-clothing/costumes,clothing,mens-clothing,costumes,
https://www.etsy.com/in-en/c/clothing/mens-clothing/pants,clothing,mens-clothing,pants,
https://www.etsy.com/in-en/c/clothing/mens-clothing/underwear,clothing,mens-clothing,underwear,
https://www.etsy.com/in-en/c/clothing/mens-clothing/shorts,clothing,mens-clothing,shorts,
https://www.etsy.com/in-en/c/clothing/mens-clothing/harnesses,clothing,mens-clothing,harnesses,
https://www.etsy.com/in-en/c/clothing/mens-clothing/sweaters,clothing,mens-clothing,sweaters,
https://www.etsy.com/in-en/c/clothing/mens-clothing/pajamas-and-robes,clothing,mens-clothing,pajamas-and-robes,
https://www.etsy.com/in-en/c/clothing/mens-clothing/sports-and-fitness,clothing,mens-clothing,sports-and-fitness,
https://www.etsy.com/in-en/c/clothing/mens-clothing/suits-and-sport-coats,clothing,mens-clothing,suits-and-sport-coats,
https://www.etsy.com/in-en/c/clothing/mens-clothing/jeans,clothing,mens-clothing,jeans,
https://www.etsy.com/in-en/c/clothing/mens-clothing/vests,clothing,mens-clothing,vests,
https://www.etsy.com/in-en/c/clothing/mens-clothing/ponchos,clothing,mens-clothing,ponchos,
https://www.etsy.com/c/electronics-and-accessories/maker-supplies/3d-printing-and-machining,electronics-and-accessories,maker-supplies,3d-printing-and-machining,
https://www.etsy.com/c/electronics-and-accessories/maker-supplies/raspberry-pi-and-arduino,electronics-and-accessories,maker-supplies,raspberry-pi-and-arduino,
https://www.etsy.com/c/electronics-and-accessories/maker-supplies/robotics,electronics-and-accessories,maker-supplies,robotics,
https://www.etsy.com/c/electronics-and-accessories/batteries-and-charging/chargers,electronics-and-accessories,batteries-and-charging,chargers,
https://www.etsy.com/c/electronics-and-accessories/batteries-and-charging/batteries,electronics-and-accessories,batteries-and-charging,batteries,
https://www.etsy.com/c/electronics-and-accessories/parts-and-electrical/parts,electronics-and-accessories,parts-and-electrical,parts,
https://www.etsy.com/c/electronics-and-accessories/parts-and-electrical/bulbs-and-tubes,electronics-and-accessories,parts-and-electrical,bulbs-and-tubes,
https://www.etsy.com/c/electronics-and-accessories/parts-and-electrical/motors,electronics-and-accessories,parts-and-electrical,motors,
https://www.etsy.com/c/electronics-and-accessories/parts-and-electrical/testing-and-calibration,electronics-and-accessories,parts-and-electrical,testing-and-calibration,
https://www.etsy.com/c/electronics-and-accessories/parts-and-electrical/sockets-and-wiring,electronics-and-accessories,parts-and-electrical,sockets-and-wiring,
https://www.etsy.com/c/electronics-and-accessories/decals-and-skins/laptop,electronics-and-accessories,decals-and-skins,laptop,
https://www.etsy.com/c/electronics-and-accessories/decals-and-skins/phone,electronics-and-accessories,decals-and-skins,phone,
https://www.etsy.com/c/electronics-and-accessories/decals-and-skins/tablet,electronics-and-accessories,decals-and-skins,tablet,
https://www.etsy.com/c/electronics-and-accessories/decals-and-skins/keyboard,electronics-and-accessories,decals-and-skins,keyboard,
https://www.etsy.com/c/electronics-and-accessories/cables-and-cords/cord-ties-and-organizers,electronics-and-accessories,cables-and-cords,cord-ties-and-organizers,
https://www.etsy.com/c/electronics-and-accessories/cables-and-cords/cables,electronics-and-accessories,cables-and-cords,cables,
https://www.etsy.com/in-en/c/home-and-living/furniture/living-room-furniture,home-and-living,furniture,living-room-furniture,
https://www.etsy.com/in-en/c/home-and-living/furniture/bedroom-furniture,home-and-living,furniture,bedroom-furniture,
https://www.etsy.com/in-en/c/home-and-living/furniture/dining-room-furniture,home-and-living,furniture,dining-room-furniture,
https://www.etsy.com/in-en/c/home-and-living/furniture/entryway-furniture,home-and-living,furniture,entryway-furniture,
https://www.etsy.com/in-en/c/home-and-living/furniture/kids-furniture,home-and-living,furniture,kids-furniture,
