https://www.etsy.com/de-en/c/books-movies-and-music/books/religion-and-spirituality-books,books-movies-and-music,books,religion-and-spirituality-books,
https://www.etsy.com/de-en/c/books-movies-and-music/books/coloring-books,books-movies-and-music,books,coloring-books,
https://www.etsy.com/de-en/c/books-movies-and-music/books/guides-and-how-tos,books-movies-and-music,books,guides-and-how-tos,
https://www.etsy.com/in-en/c/home-and-living/kitchen-and-dining/kitchen-storage,home-and-living,kitchen-and-dining,kitchen-storage,
https://www.etsy.com/in-en/c/home-and-living/kitchen-and-dining/dining-and-serving,home-and-living,kitchen-and-dining,dining-and-serving,
https://www.etsy.com/in-en/c/home-and-living/kitchen-and-dining/cookware,home-and-living,kitchen-and-dining,cookware,
https://www.etsy.com/in-en/c/home-and-living/kitchen-and-dining/linens,home-and-living,kitchen-and-dining,linens,
https://www.etsy.com/in-en/c/home-and-living/kitchen-and-dining/kitchen-decor,home-and-living,kitchen-and-dining,kitchen-decor,
https://www.etsy.com/in-en/c/home-and-living/kitchen-and-dining/coffee-and-tea-makers,home-and-living,kitchen-and-dining,coffee-and-tea-makers,
https://www.etsy.com/in-en/c/home-and-living/kitchen-and-dining/small-kitchen-appliances,home-and-living,kitchen-and-dining,small-kitchen-appliances,
https://www.etsy.com/in-en/c/home-and-living/kitchen-and-dining/bakeware,home-and-living,kitchen-and-dining,bakeware,
https://www.etsy.com/in-en/c/home-and-living/bedding/duvet-covers,home-and-living,bedding,duvet-covers,
https://www.etsy.com/in-en/c/home-and-living/bedding/blankets-and-throws,home-and-living,bedding,blankets-and-throws,
https://www.etsy.com/in-en/c/home-and-living/bedding/sheets-and-pillowcases,home-and-living,bedding,sheets-and-pillowcases,
https://www.etsy.com/in-en/c/home-and-living/bedding/bedspreads,home-and-living,bedding,bedspreads,
https://www.etsy.com/in-en/c/home-and-living/bedding/bed-pillows,home-and-living,bedding,bed-pillows,
https://www.etsy.com/in-en/c/home-and-living/bedding/crib-skirts,home-and-living,bedding,crib-skirts,
https://www.etsy.com/in-en/c/home-and-living/spirituality-and-religion/altars-shrines-and-tools,home-and-living,spirituality-and-religion,altars-shrines-and-tools,
https://www.etsy.com/in-en/c/home-and-living/spirituality-and-religion/cemetery-and-funeral,home-and-living,spirituality-and-religion,cemetery-and-funeral,
https://www.etsy.com/in-en/c/jewelry/bracelets/chain-and-link-bracelets,jewelry,bracelets,chain-and-link-bracelets,
https://www.etsy.com/in-en/c/jewelry/bracelets/beaded-bracelets,jewelry,bracelets,beaded-bracelets,
https://www.etsy.com/in-en/c/jewelry/bracelets/cuff-bracelets,jewelry,bracelets,cuff-bracelets,
https://www.etsy.com/in-en/c/jewelry/bracelets/charm-bracelets,jewelry,bracelets,charm-bracelets,
https://www.etsy.com/in-en/c/jewelry/bracelets/woven-and-braided-bracelets,jewelry,bracelets,woven-and-braided-bracelets,
https://www.etsy.com/in-en/c/jewelry/bracelets/id-and-medical-bracelets,jewelry,bracelets,id-and-medical-bracelets,
https://www.etsy.com/in-en/c/jewelry/bracelets/hand-chains,jewelry,bracelets,hand-chains,
https://www.etsy.com/in-en/c/jewelry/body-jewelry/nose-rings-and-studs,jewelry,body-jewelry,nose-rings-and-studs,
https://www.etsy.com/in-en/c/jewelry/body-jewelry/anklets,jewelry,body-jewelry,anklets,
https://www.etsy.com/in-en/c/jewelry/body-jewelry/belly-rings,jewelry,body-jewelry,belly-rings,
https://www.etsy.com/in-en/c/jewelry/body-jewelry/toe-rings,jewelry,body-jewelry,toe-rings,
https://www.etsy.com/in-en/c/jewelry/body-jewelry/nipple-jewelry,jewelry,body-jewelry,nipple-jewelry,
https://www.etsy.com/in-en/c/jewelry/body-jewelry/belly-chains,jewelry,body-jewelry,belly-chains,
https://www.etsy.com/in-en/c/jewelry/body-jewelry/hair-jewelry,jewelry,body-jewelry,hair-jewelry,
https://www.etsy.com/in-en/c/jewelry/body-jewelry/arm-bands,jewelry,body-jewelry,arm-bands,
https://www.etsy.com/in-en/c/jewelry/body-jewelry/shoulder-jewelry,jewelry,body-jewelry,shoulder-jewelry,
https://www.etsy.com/in-en/c/jewelry/body-jewelry/lip-rings,jewelry,body-jewelry,lip-rings,
https://www.etsy.com/in-en/c/jewelry/body-jewelry/barbells,jewelry,body-jewelry,barbells,
https://www.etsy.com/in-en/c/jewelry/body-jewelry/gauge-and-plug-earrings,jewelry,body-jewelry,gauge-and-plug-earrings,
https://www.etsy.com/in-en/c/jewelry/body-jewelry/pinchers-and-spirals,jewelry,body-jewelry,pinchers-and-spirals,
https://www.etsy.com/in-en/c/jewelry/body-jewelry/bindis,jewelry,body-jewelry,bindis,
https://www.etsy.com/in-en/c/jewelry/cufflinks-and-tie-tacks/cuff-links,jewelry,cufflinks-and-tie-tacks,cuff-links,
https://www.etsy.com/in-en/c/jewelry/cufflinks-and-tie-tacks/tie-tacks,jewelry,cufflinks-and-tie-tacks,tie-tacks,
https://www.etsy.com/in-en/c/jewelry/cufflinks-and-tie-tacks/shirt-studs,jewelry,cufflinks-and-tie-tacks,shirt-studs,
https://www.etsy.com/in-en/c/pet-supplies/training/training-bells-and-whistles,pet-supplies,training,training-bells-and-whistles,
https://www.etsy.com/in-en/c/pet-supplies/training/pet-diapers-and-belly-bands,pet-supplies,training,pet-diapers-and-belly-bands,
https://www.etsy.com/in-en/c/pet-supplies/pet-health-and-wellness/pet-dental,pet-supplies,pet-health-and-wellness,pet-dental,
https://www.etsy.com/in-en/c/pet-supplies/pet-health-and-wellness/pet-grooming,pet-supplies,pet-health-and-wellness,pet-grooming,
https://www.etsy.com/in-en/c/pet-supplies/pet-health-and-wellness/pet-waste,pet-supplies,pet-health-and-wellness,pet-waste,
https://www.etsy.com/in-en/c/pet-supplies/pet-health-and-wellness/pet-pest-control,pet-supplies,pet-health-and-wellness,pet-pest-control,
https://www.etsy.com/in-en/c/pet-supplies/pet-health-and-wellness/pet-vitamins-and-supplements,pet-supplies,pet-health-and-wellness,pet-vitamins-and-supplements,
https://www.etsy.com/in-en/c/pet-supplies/pet-health-and-wellness/deodorizers-and-perfumes,pet-supplies,pet-health-and-wellness,deodorizers-and-perfumes,
https://www.etsy.com/in-en/c/pet-supplies/urns-and-memorials/pet-grave-markers,pet-supplies,urns-and-memorials,pet-grave-markers,
https://www.etsy.com/in-en/c/pet-supplies/urns-and-memorials/pet-urns,pet-supplies,urns-and-memorials,pet-urns,
https://www.etsy.com/in-en/c/pet-supplies/urns-and-memorials/pet-portraits,pet-supplies,urns-and-memorials,pet-portraits,
https://www.etsy.com/in-en/c/pet-supplies/urns-and-memorials/pet-memorial-jewelry,pet-supplies,urns-and-memorials,pet-memorial-jewelry,
https://www.etsy.com/de-en/c/pet-supplies/pet-bedding/liners,pet-supplies,pet-bedding,liners,
https://www.etsy.com/de-en/c/pet-supplies/pet-clothing-accessories-and-shoes/pet-clothing,pet-supplies,pet-clothing-accessories-and-shoes,pet-clothing,
https://www.etsy.com/de-en/c/pet-supplies/pet-clothing-accessories-and-shoes/pet-accessories,pet-supplies,pet-clothing-accessories-and-shoes,pet-accessories,
https://www.etsy.com/de-en/c/pet-supplies/pet-clothing-accessories-and-shoes/pet-shoes-and-booties,pet-supplies,pet-clothing-accessories-and-shoes,pet-shoes-and-booties,
https://www.etsy.com/de-en/c/pet-supplies/pet-toys/small-animal-toys,pet-supplies,pet-toys,small-animal-toys,
https://www.etsy.com/de-en/c/pet-supplies/pet-toys/dog-toys,pet-supplies,pet-toys,dog-toys,
https://www.etsy.com/de-en/c/pet-supplies/pet-toys/cat-toys,pet-supplies,pet-toys,cat-toys,
https://www.etsy.com/de-en/c/pet-supplies/pet-toys/bird-toys,pet-supplies,pet-toys,bird-toys,
https://www.etsy.com/de-en/c/pet-supplies/pet-carriers-and-houses/aquariums-and-tank-decor,pet-supplies,pet-carriers-and-houses,aquariums-and-tank-decor,
https://www.etsy.com/de-en/c/pet-supplies/pet-carriers-and-houses/pet-houses,pet-supplies,pet-carriers-and-houses,pet-houses,
https://www.etsy.com/de-en/c/pet-supplies/pet-carriers-and-houses/pet-slings,pet-supplies,pet-carriers-and-houses,pet-slings,
https://www.etsy.com/de-en/c/pet-supplies/pet-carriers-and-houses/pet-crates-and-kennels,pet-supplies,pet-carriers-and-houses,pet-crates-and-kennels,
https://www.etsy.com/de-en/c/pet-supplies/pet-carriers-and-houses/pet-totes,pet-supplies,pet-carriers-and-houses,pet-totes,
https://www.etsy.com/de-en/c/pet-supplies/pet-carriers-and-houses/nests-and-bags,pet-supplies,pet-carriers-and-houses,nests-and-bags,
https://www.etsy.com/de-en/c/pet-supplies/pet-carriers-and-houses/birdcages,pet-supplies,pet-carriers-and-houses,birdcages,
https://www.etsy.com/de-en/c/pet-supplies/pet-carriers-and-houses/coops,pet-supplies,pet-carriers-and-houses,coops,
https://www.etsy.com/de-en/c/pet-supplies/pet-feeding/pet-feeders-and-waterers,pet-supplies,pet-feeding,pet-feeders-and-waterers,
https://www.etsy.com/de-en/c/pet-supplies/pet-feeding/pet-bowls,pet-supplies,pet-feeding,pet-bowls,
https://www.etsy.com/de-en/c/pet-supplies/pet-feeding/feeding-stands,pet-supplies,pet-feeding,feeding-stands,
https://www.etsy.com/de-en/c/pet-supplies/pet-feeding/pet-food-and-treats,pet-supplies,pet-feeding,pet-food-and-treats,
https://www.etsy.com/de-en/c/pet-supplies/pet-feeding/placemats,pet-supplies,pet-feeding,placemats,
https://www.etsy.com/de-en/c/toys-and-games/games-and-puzzles/board-games,toys-and-games,games-and-puzzles,board-games,
https://www.etsy.com/de-en/c/toys-and-games/games-and-puzzles/card-games,toys-and-games,games-and-puzzles,card-games,
https://www.etsy.com/de-en/c/toys-and-games/games-and-puzzles/role-playing-games,toys-and-games,games-and-puzzles,role-playing-games,
https://www.etsy.com/de-en/c/toys-and-games/games-and-puzzles/puzzles,toys-and-games,games-and-puzzles,puzzles,
https://www.etsy.com/de-en/c/toys-and-games/games-and-puzzles/marbles,toys-and-games,games-and-puzzles,marbles,
https://www.etsy.com/de-en/c/toys-and-games/games-and-puzzles/game-pieces,toys-and-games,games-and-puzzles,game-pieces,
https://www.etsy.com/de-en/c/toys-and-games/games-and-puzzles/dice-and-tile-games,toys-and-games,games-and-puzzles,dice-and-tile-games,
https://www.etsy.com/de-en/c/toys-and-games/games-and-puzzles/video-games,toys-and-games,games-and-puzzles,video-games,
https://www.etsy.com/de-en/c/toys-and-games/games-and-puzzles/game-room,toys-and-games,games-and-puzzles,game-room,
https://www.etsy.com/de-en/c/toys-and-games/toys/baby-and-toddler-toys,toys-and-games,toys,baby-and-toddler-toys,
https://www.etsy.com/de-en/c/toys-and-games/toys/learning-and-school,toys-and-games,toys,learning-and-school,
https://www.etsy.com/de-en/c/toys-and-games/toys/miniature-toys,toys-and-games,toys,miniature-toys,
https://www.etsy.com/de-en/c/toys-and-games/toys/dolls-and-action-figures,toys-and-games,toys,dolls-and-action-figures,
https://www.etsy.com/de-en/c/toys-and-games/toys/pretend-play,toys-and-games,toys,pretend-play,
https://www.etsy.com/de-en/c/toys-and-games/toys/stress-balls-and-desk-toys,toys-and-games,toys,stress-balls-and-desk-toys,
https://www.etsy.com/de-en/c/toys-and-games/toys/building-and-construction,toys-and-games,toys,building-and-construction,
https://www.etsy.com/de-en/c/toys-and-games/toys/play-tents-and-playhouses,toys-and-games,toys,play-tents-and-playhouses,
https://www.etsy.com/de-en/c/toys-and-games/toys/electronic-toys,toys-and-games,toys,electronic-toys,
https://www.etsy.com/de-en/c/toys-and-games/toys/wind-up-toys,toys-and-games,toys,wind-up-toys,
https://www.etsy.com/de-en/c/toys-and-games/toys/kids-costumes,toys-and-games,toys,kids-costumes,
https://www.etsy.com/de-en/c/toys-and-games/toys/ride-on-and-rocking-toys,toys-and-games,toys,ride-on-and-rocking-toys,
https://www.etsy.com/de-en/c/toys-and-games/toys/push-and-pull-toys,toys-and-games,toys,push-and-pull-toys,
https://www.etsy.com/de-en/c/toys-and-games/toys/puppets,toys-and-games,toys,puppets,
https://www.etsy.com/de-en/c/toys-and-games/toys/stereoscopes-and-viewfinders,toys-and-games,toys,stereoscopes-and-viewfinders,
https://www.etsy.com/de-en/c/toys-and-games/toys/balls,toys-and-games,toys,balls,
https://www.etsy.com/de-en/c/toys-and-games/toys/yo-yos-and-tops,toys-and-games,toys,yo-yos-and-tops,
https://www.etsy.com/de-en/c/toys-and-games/toys/toy-instruments,toys-and-games,toys,toy-instruments,
https://www.etsy.com/in-en/c/weddings/jewelry/necklaces,weddings,jewelry,necklace,Sub 3
https://www.etsy.com/in-en/c/weddings/jewelry/earrings,weddings,jewelry,earrings,
https://www.etsy.com/in-en/c/weddings/jewelry/jewelry-sets,weddings,jewelry,jewelry-sets,
https://www.etsy.com/in-en/c/weddings/jewelry/rings,weddings,jewelry,rings,
https://www.etsy.com/in-en/c/weddings/jewelry/bracelets,weddings,jewelry,bracelets,
https://www.etsy.com/in-en/c/weddings/jewelry/cuff-links-and-tie-tacks,weddings,jewelry,cuff-links-and-tie-tacks,
https://www.etsy.com/in-en/c/weddings/jewelry/pendant-necklaces,weddings,jewelry,pendant-necklaces,
https://www.etsy.com/in-en/c/weddings/jewelry/brooches,weddings,jewelry,brooches,
https://www.etsy.com/in-en/c/weddings/invitations-and-paper/invitations,weddings,invitations-and-paper,invitations,
https://www.etsy.com/in-en/c/weddings/invitations-and-paper/place-cards,weddings,invitations-and-paper,place-cards,
https://www.etsy.com/in-en/c/weddings/invitations-and-paper/templates,weddings,invitations-and-paper,templates,
https://www.etsy.com/in-en/c/weddings/invitations-and-paper/save-the-dates,weddings,invitations-and-paper,save-the-dates,
https://www.etsy.com/in-en/c/weddings/invitations-and-paper/thank-you-cards,weddings,invitations-and-paper,thank-you-cards,
https://www.etsy.com/in-en/c/weddings/invitations-and-paper/invitation-kits,weddings,invitations-and-paper,invitation-kits,
https://www.etsy.com/in-en/c/weddings/invitations-and-paper/address-stamps,weddings,invitations-and-paper,address-stamps,
https://www.etsy.com/in-en/c/weddings/invitations-and-paper/greeting-cards,weddings,invitations-and-paper,greeting-cards,
https://www.etsy.com/in-en/c/weddings/invitations-and-paper/announcements,weddings,invitations-and-paper,announcements,